{"stats":{"minecraft:used":{"minecraft:redstone_torch":305,"minecraft:sticky_piston":123,"minecraft:piston":1,"minecraft:lever":4,"minecraft:writable_book":182,"minecraft:grass_block":3723,"minecraft:redstone":3520,"minecraft:stone_button":108,"minecraft:oak_sign":3,"minecraft:andesite_slab":1,"minecraft:lectern":160,"minecraft:redstone_block":1,"minecraft:diamond_sword":19,"minecraft:glowstone":10,"minecraft:repeater":476,"minecraft:redstone_lamp":368,"minecraft:comparator":1482,"minecraft:hopper":10,"minecraft:white_bed":1},"minecraft:picked_up":{"minecraft:repeater":11,"minecraft:leather":4,"minecraft:lead":3,"minecraft:stone_button":16,"minecraft:redstone":144,"minecraft:comparator":26,"minecraft:writable_book":83,"minecraft:gray_wool":1,"minecraft:redstone_torch":36,"minecraft:lectern":1,"minecraft:mutton":1},"minecraft:dropped":{"minecraft:lectern":1},"minecraft:killed":{"minecraft:sheep":1,"minecraft:trader_llama":4,"minecraft:wandering_trader":2},"minecraft:custom":{"minecraft:time_since_rest":1458868,"minecraft:sprint_one_cm":177795,"minecraft:walk_one_cm":2638851,"minecraft:mob_kills":7,"minecraft:drop":1,"minecraft:inspect_hopper":16,"minecraft:damage_dealt":2078,"minecraft:talked_to_villager":1,"minecraft:fly_one_cm":7179337,"minecraft:play_one_minute":1458868,"minecraft:crouch_one_cm":19310,"minecraft:sneak_time":42784,"minecraft:interact_with_lectern":857,"minecraft:jump":1835,"minecraft:leave_game":11,"minecraft:time_since_death":1458868}},"DataVersion":2586}