{"stats":{"minecraft:used":{"minecraft:redstone_torch":263,"minecraft:sticky_piston":102,"minecraft:diamond_sword":8,"minecraft:lever":3,"minecraft:glowstone":10,"minecraft:writable_book":166,"minecraft:repeater":445,"minecraft:redstone_lamp":69,"minecraft:comparator":1391,"minecraft:hopper":9,"minecraft:white_bed":1,"minecraft:grass_block":3420,"minecraft:andesite_slab":1,"minecraft:redstone":2908,"minecraft:oak_sign":1,"minecraft:stone_button":77,"minecraft:lectern":149},"minecraft:picked_up":{"minecraft:repeater":8,"minecraft:leather":2,"minecraft:lead":2,"minecraft:writable_book":80,"minecraft:comparator":26,"minecraft:redstone_torch":33,"minecraft:gray_wool":1,"minecraft:stone_button":14,"minecraft:lectern":1,"minecraft:redstone":128,"minecraft:mutton":1},"minecraft:dropped":{"minecraft:lectern":1},"minecraft:killed":{"minecraft:sheep":1,"minecraft:trader_llama":2,"minecraft:wandering_trader":1},"minecraft:custom":{"minecraft:time_since_rest":1194257,"minecraft:crouch_one_cm":15808,"minecraft:play_one_minute":1194257,"minecraft:sprint_one_cm":137713,"minecraft:walk_one_cm":2053408,"minecraft:sneak_time":33177,"minecraft:mob_kills":4,"minecraft:drop":1,"minecraft:interact_with_lectern":617,"minecraft:jump":1504,"minecraft:inspect_hopper":13,"minecraft:damage_dealt":1398,"minecraft:leave_game":9,"minecraft:time_since_death":1194257,"minecraft:fly_one_cm":5595687}},"DataVersion":2586}