{"stats":{"minecraft:used":{"minecraft:redstone_torch":261,"minecraft:sticky_piston":102,"minecraft:lever":2,"minecraft:glowstone":10,"minecraft:writable_book":142,"minecraft:repeater":440,"minecraft:redstone_lamp":69,"minecraft:comparator":1342,"minecraft:hopper":9,"minecraft:white_bed":1,"minecraft:grass_block":3335,"minecraft:oak_sign":1,"minecraft:redstone":2819,"minecraft:andesite_slab":1,"minecraft:stone_button":76,"minecraft:lectern":126},"minecraft:picked_up":{"minecraft:repeater":7,"minecraft:writable_book":71,"minecraft:comparator":22,"minecraft:redstone_torch":33,"minecraft:gray_wool":1,"minecraft:stone_button":14,"minecraft:redstone":95,"minecraft:mutton":1},"minecraft:killed":{"minecraft:sheep":1},"minecraft:custom":{"minecraft:time_since_rest":1104875,"minecraft:crouch_one_cm":14289,"minecraft:play_one_minute":1104875,"minecraft:sprint_one_cm":132935,"minecraft:walk_one_cm":1932670,"minecraft:sneak_time":29690,"minecraft:mob_kills":1,"minecraft:interact_with_lectern":525,"minecraft:jump":1397,"minecraft:inspect_hopper":13,"minecraft:damage_dealt":138,"minecraft:leave_game":8,"minecraft:time_since_death":1104875,"minecraft:fly_one_cm":5015152}},"DataVersion":2586}