{"stats":{"minecraft:custom":{"minecraft:time_since_rest":812220,"minecraft:crouch_one_cm":9124,"minecraft:play_one_minute":812220,"minecraft:sprint_one_cm":94469,"minecraft:walk_one_cm":1522042,"minecraft:sneak_time":18031,"minecraft:mob_kills":1,"minecraft:interact_with_lectern":417,"minecraft:jump":1072,"minecraft:inspect_hopper":13,"minecraft:damage_dealt":138,"minecraft:leave_game":7,"minecraft:time_since_death":812220,"minecraft:fly_one_cm":3286196},"minecraft:picked_up":{"minecraft:repeater":4,"minecraft:writable_book":64,"minecraft:comparator":14,"minecraft:redstone_torch":31,"minecraft:gray_wool":1,"minecraft:stone_button":12,"minecraft:redstone":65,"minecraft:mutton":1},"minecraft:killed":{"minecraft:sheep":1},"minecraft:used":{"minecraft:redstone_torch":227,"minecraft:sticky_piston":86,"minecraft:lever":2,"minecraft:writable_book":117,"minecraft:repeater":318,"minecraft:redstone_lamp":54,"minecraft:comparator":1030,"minecraft:hopper":9,"minecraft:grass_block":2136,"minecraft:redstone":2036,"minecraft:andesite_slab":1,"minecraft:stone_button":55,"minecraft:lectern":102}},"DataVersion":2586}