{"stats":{"minecraft:used":{"minecraft:redstone_torch":279,"minecraft:sticky_piston":107,"minecraft:glowstone":10,"minecraft:writable_book":177,"minecraft:lever":3,"minecraft:diamond_sword":8,"minecraft:repeater":451,"minecraft:redstone_lamp":368,"minecraft:comparator":1473,"minecraft:hopper":10,"minecraft:white_bed":1,"minecraft:grass_block":3525,"minecraft:andesite_slab":1,"minecraft:redstone":3370,"minecraft:oak_sign":3,"minecraft:stone_button":89,"minecraft:lectern":157},"minecraft:picked_up":{"minecraft:repeater":8,"minecraft:leather":2,"minecraft:lead":2,"minecraft:writable_book":82,"minecraft:comparator":26,"minecraft:redstone_torch":33,"minecraft:gray_wool":1,"minecraft:stone_button":14,"minecraft:lectern":1,"minecraft:redstone":128,"minecraft:mutton":1},"minecraft:dropped":{"minecraft:lectern":1},"minecraft:killed":{"minecraft:sheep":1,"minecraft:trader_llama":2,"minecraft:wandering_trader":1},"minecraft:custom":{"minecraft:time_since_rest":1281929,"minecraft:crouch_one_cm":17423,"minecraft:play_one_minute":1281929,"minecraft:sprint_one_cm":164466,"minecraft:walk_one_cm":2387245,"minecraft:sneak_time":36418,"minecraft:mob_kills":4,"minecraft:interact_with_lectern":687,"minecraft:drop":1,"minecraft:jump":1651,"minecraft:inspect_hopper":15,"minecraft:damage_dealt":1398,"minecraft:leave_game":10,"minecraft:time_since_death":1281929,"minecraft:fly_one_cm":6176673}},"DataVersion":2586}