{"stats":{"minecraft:picked_up":{"minecraft:repeater":1,"minecraft:writable_book":44,"minecraft:comparator":6,"minecraft:redstone_torch":26,"minecraft:gray_wool":1,"minecraft:stone_button":6,"minecraft:redstone":37,"minecraft:mutton":1},"minecraft:used":{"minecraft:redstone_torch":169,"minecraft:sticky_piston":58,"minecraft:lever":1,"minecraft:writable_book":90,"minecraft:repeater":259,"minecraft:redstone_lamp":37,"minecraft:comparator":786,"minecraft:hopper":8,"minecraft:grass_block":1497,"minecraft:redstone":1335,"minecraft:stone_button":28,"minecraft:andesite_slab":1,"minecraft:lectern":74},"minecraft:killed":{"minecraft:sheep":1},"minecraft:custom":{"minecraft:time_since_rest":561609,"minecraft:crouch_one_cm":4903,"minecraft:play_one_minute":561609,"minecraft:sprint_one_cm":69305,"minecraft:walk_one_cm":1023222,"minecraft:sneak_time":10939,"minecraft:mob_kills":1,"minecraft:interact_with_lectern":306,"minecraft:jump":672,"minecraft:inspect_hopper":12,"minecraft:damage_dealt":138,"minecraft:leave_game":5,"minecraft:time_since_death":561609,"minecraft:fly_one_cm":2077638}},"DataVersion":2586}