{"stats":{"minecraft:picked_up":{"minecraft:writable_book":33,"minecraft:comparator":1,"minecraft:redstone_torch":13,"minecraft:gray_wool":1,"minecraft:stone_button":2,"minecraft:redstone":19,"minecraft:mutton":1},"minecraft:used":{"minecraft:redstone_torch":95,"minecraft:sticky_piston":47,"minecraft:writable_book":72,"minecraft:repeater":37,"minecraft:redstone_lamp":37,"minecraft:comparator":338,"minecraft:hopper":6,"minecraft:grass_block":450,"minecraft:redstone":388,"minecraft:stone_button":13,"minecraft:andesite_slab":1,"minecraft:lectern":59},"minecraft:killed":{"minecraft:sheep":1},"minecraft:custom":{"minecraft:time_since_rest":269500,"minecraft:crouch_one_cm":1470,"minecraft:play_one_minute":269500,"minecraft:sprint_one_cm":43403,"minecraft:walk_one_cm":669498,"minecraft:sneak_time":2959,"minecraft:mob_kills":1,"minecraft:interact_with_lectern":224,"minecraft:jump":333,"minecraft:inspect_hopper":10,"minecraft:damage_dealt":138,"minecraft:leave_game":4,"minecraft:time_since_death":269500,"minecraft:fly_one_cm":476283}},"DataVersion":2586}